{
  "observed_effect_size": 0.06240674903077972,
  "current_power": 0.07207532309037913,
  "required_n_80_power": null,
  "current_n": 100
}